seat,year,mean_radiance,lit_share,pixels
Achampet,2014,0.205,0.0479,16317
Adilabad,2014,0.497,0.0932,4440
Alair,2014,0.483,0.1272,6966
Alampur,2014,0.509,0.1271,6759
Amberpet,2014,60.579,1.0,31
Andole,2014,0.603,0.1501,6588
Armur,2014,0.649,0.1631,3495
Asifabad,2014,0.173,0.037,14369
Aswaraopeta,2014,0.093,0.0133,9218
Bahadurpura,2014,92.768,1.0,59
Balkonda,2014,0.47,0.1143,5067
Banswada,2014,0.486,0.1232,3880
Bellampalli,2014,0.262,0.056,7214
Bhadrachalam,2014,0.12,0.0174,9746
Bhongir,2014,1.38,0.3354,4705
Bhupalpalle,2014,0.584,0.132,6373
Boath,2014,0.214,0.0475,9518
Bodhan,2014,0.765,0.1854,3333
Chandrayangutta,2014,90.012,1.0,79
Charminar,2014,105.556,1.0,26
Chennur,2014,0.551,0.1344,6772
Chevella,2014,1.413,0.4251,5312
Choppadandi,2014,0.609,0.1383,4461
Devarakonda,2014,0.336,0.0768,9528
Devarkadra,2014,0.938,0.2477,5260
Dharmapuri,2014,0.68,0.176,4717
Dornakal,2014,0.461,0.0987,4427
Dubbak,2014,0.717,0.1791,4879
Gadwal,2014,0.576,0.1244,5738
Gajwel,2014,1.31,0.3728,5898
Ghanpur (Station),2014,0.357,0.0801,5996
Goshamahal,2014,93.374,1.0,39
Husnabad,2014,0.41,0.0882,5397
Huzurabad,2014,0.7,0.1706,3342
Huzurnagar,2014,1.058,0.2393,5591
Ibrahimpatnam,2014,2.345,0.4114,5360
Jadcherla,2014,1.122,0.303,5479
Jagtial,2014,0.743,0.1806,3600
Jangoan,2014,0.539,0.1162,5284
Jubilee Hills,2014,54.162,1.0,87
Jukkal,2014,0.225,0.0501,5648
Kalwakurthy,2014,0.627,0.1456,7075
Kamareddy,2014,0.814,0.1957,3863
Karimnagar,2014,3.496,0.586,1186
Karwan,2014,66.541,1.0,80
Khairatabad,2014,50.706,1.0,136
Khammam,2014,2.383,0.3188,1214
Khanapur,2014,0.22,0.0522,10667
Kodad,2014,0.797,0.1827,4226
Kodangal,2014,0.647,0.1549,5396
Kollapur,2014,0.338,0.0805,8290
Koratla,2014,0.755,0.1718,3377
Kothagudem,2014,1.028,0.2092,4346
Kukatpalle,2014,50.426,1.0,160
Lal Bahadur Nagar,2014,64.147,1.0,139
Madhira,2014,0.331,0.061,5029
Mahabubabad,2014,0.588,0.1421,4786
Mahbubnagar,2014,1.641,0.37,1908
Maheswaram,2014,5.039,0.6514,3376
Makthal,2014,0.569,0.1248,7283
Malakpet,2014,91.555,1.0,32
Malkajgiri,2014,34.75,1.0,361
Manakondur,2014,0.56,0.1369,4996
Mancherial,2014,1.003,0.2518,3530
Manthani,2014,0.412,0.099,12094
Medak,2014,0.939,0.2546,4591
Medchal,2014,6.61,0.9694,3724
Miryalaguda,2014,1.1,0.269,3888
Mudhole,2014,0.271,0.0587,7342
Mulug,2014,0.105,0.0246,19634
Munugode,2014,0.514,0.1151,7281
Musheerabad,2014,58.236,1.0,30
Nagarjuna Sagar,2014,0.509,0.11,7276
Nagarkurnool,2014,0.537,0.1189,5737
Nakrekal,2014,0.933,0.2112,5858
Nalgonda,2014,0.994,0.1846,4019
Nampally,2014,79.116,1.0,43
Narayankhed,2014,0.345,0.0847,5645
Narayanpet,2014,0.618,0.1514,4597
Narsampet,2014,0.531,0.1146,4120
Narsapur,2014,0.916,0.2499,5874
Nirmal,2014,0.496,0.1068,5637
Nizamabad (Rural),2014,1.118,0.2082,6699
Nizamabad (Urban),2014,15.559,0.9867,150
Palair,2014,0.589,0.147,4266
Palakurthi,2014,0.31,0.0578,5298
Pargi,2014,0.692,0.1668,5378
Parkal,2014,0.921,0.2249,3326
Patancheru,2014,5.332,0.8468,2507
Peddapalle,2014,0.704,0.1835,4551
Pinapaka,2014,0.335,0.0671,11023
Quthbullapur,2014,20.372,1.0,694
Rajendranagar,2014,10.744,0.9532,1730
Ramagundam,2014,3.19,0.5224,1606
Sanathnagar,2014,62.849,1.0,55
Sangareddy,2014,1.875,0.4685,3035
Sathupalle,2014,0.329,0.061,6562
Secunderabad,2014,52.224,1.0,45
Secunderabad Cantt.,2014,47.416,1.0,94
Serilingampally,2014,32.505,1.0,592
Shadnagar,2014,1.595,0.4584,4594
Siddipet,2014,0.822,0.1603,3463
Sircilla,2014,0.509,0.1103,4215
Sirpur,2014,0.156,0.0367,10241
Suryapet,2014,0.802,0.1715,3737
Tandur,2014,0.986,0.2173,4478
Thungathurthi,2014,0.306,0.0659,6493
Uppal,2014,46.172,1.0,246
Vemulawada,2014,0.407,0.0902,4924
Vicarabad,2014,0.571,0.1307,5232
Wanaparthy,2014,0.68,0.1601,5342
Waradhanapet,2014,1.641,0.3149,3915
Warangal East,2014,13.536,1.0,97
Warangal West,2014,8.545,0.9697,66
Wyra,2014,0.273,0.0522,5189
Yakutpura,2014,95.369,1.0,71
Yellandu,2014,0.286,0.0519,7536
Yellareddy,2014,0.34,0.0834,7120
Zahirabad,2014,0.571,0.1296,5332
Achampet,2018,0.218,0.0504,16317
Adilabad,2018,0.522,0.095,4440
Alair,2018,0.462,0.1408,6966
Alampur,2018,0.328,0.0916,6759
Amberpet,2018,53.323,1.0,31
Andole,2018,0.68,0.1806,6588
Armur,2018,0.662,0.1677,3495
Asifabad,2018,0.115,0.025,14369
Aswaraopeta,2018,0.103,0.0193,9218
Bahadurpura,2018,83.617,1.0,59
Balkonda,2018,0.428,0.1139,5067
Banswada,2018,0.355,0.0881,3880
Bellampalli,2018,0.263,0.0614,7214
Bhadrachalam,2018,0.096,0.0158,9746
Bhongir,2018,1.235,0.3437,4705
Bhupalpalle,2018,0.587,0.1451,6373
Boath,2018,0.198,0.046,9518
Bodhan,2018,0.625,0.144,3333
Chandrayangutta,2018,90.491,1.0,79
Charminar,2018,104.658,1.0,26
Chennur,2018,0.677,0.1719,6772
Chevella,2018,1.448,0.4407,5312
Choppadandi,2018,0.789,0.2145,4461
Devarakonda,2018,0.335,0.0884,9528
Devarkadra,2018,0.922,0.2768,5260
Dharmapuri,2018,0.566,0.1512,4717
Dornakal,2018,0.341,0.0786,4427
Dubbak,2018,0.702,0.1914,4879
Gadwal,2018,0.484,0.1133,5738
Gajwel,2018,1.413,0.4498,5898
Ghanpur (Station),2018,0.411,0.1107,5996
Goshamahal,2018,83.296,1.0,39
Husnabad,2018,0.379,0.088,5397
Huzurabad,2018,0.722,0.184,3342
Huzurnagar,2018,0.767,0.1806,5591
Ibrahimpatnam,2018,2.423,0.4476,5360
Jadcherla,2018,1.148,0.3285,5479
Jagtial,2018,0.657,0.1525,3600
Jangoan,2018,0.521,0.1194,5284
Jubilee Hills,2018,49.157,1.0,87
Jukkal,2018,0.275,0.057,5648
Kalwakurthy,2018,0.661,0.1651,7075
Kamareddy,2018,0.984,0.2459,3863
Karimnagar,2018,4.566,0.7133,1186
Karwan,2018,58.705,1.0,80
Khairatabad,2018,46.323,1.0,136
Khammam,2018,2.431,0.355,1214
Khanapur,2018,0.19,0.0444,10667
Kodad,2018,0.61,0.1477,4226
Kodangal,2018,0.805,0.2148,5396
Kollapur,2018,0.468,0.1097,8290
Koratla,2018,0.817,0.1898,3377
Kothagudem,2018,1.114,0.2202,4346
Kukatpalle,2018,37.732,1.0,160
Lal Bahadur Nagar,2018,47.993,1.0,139
Madhira,2018,0.208,0.0422,5029
Mahabubabad,2018,0.529,0.1247,4786
Mahbubnagar,2018,2.276,0.478,1908
Maheswaram,2018,5.344,0.7112,3376
Makthal,2018,0.388,0.0976,7283
Malakpet,2018,82.045,1.0,32
Malkajgiri,2018,28.702,1.0,361
Manakondur,2018,0.673,0.1845,4996
Mancherial,2018,1.009,0.2354,3530
Manthani,2018,0.646,0.1559,12094
Medak,2018,0.91,0.2771,4591
Medchal,2018,6.811,0.9718,3724
Miryalaguda,2018,1.058,0.2659,3888
Mudhole,2018,0.474,0.0987,7342
Mulug,2018,0.102,0.0239,19634
Munugode,2018,0.503,0.1237,7281
Musheerabad,2018,49.348,1.0,30
Nagarjuna Sagar,2018,0.363,0.0873,7276
Nagarkurnool,2018,0.842,0.1933,5737
Nakrekal,2018,0.811,0.2076,5858
Nalgonda,2018,1.31,0.216,4019
Nampally,2018,70.786,1.0,43
Narayankhed,2018,0.507,0.1346,5645
Narayanpet,2018,0.698,0.1762,4597
Narsampet,2018,0.483,0.109,4120
Narsapur,2018,1.008,0.3104,5874
Nirmal,2018,0.706,0.1623,5637
Nizamabad (Rural),2018,1.343,0.2611,6699
Nizamabad (Urban),2018,19.091,0.9867,150
Palair,2018,0.548,0.1498,4266
Palakurthi,2018,0.268,0.0596,5298
Pargi,2018,0.687,0.1813,5378
Parkal,2018,1.021,0.2868,3326
Patancheru,2018,6.474,0.8835,2507
Peddapalle,2018,0.723,0.194,4551
Pinapaka,2018,0.397,0.0852,11023
Quthbullapur,2018,18.515,1.0,694
Rajendranagar,2018,12.68,0.9711,1730
Ramagundam,2018,4.779,0.6606,1606
Sanathnagar,2018,51.027,1.0,55
Sangareddy,2018,2.458,0.5641,3035
Sathupalle,2018,0.306,0.0678,6562
Secunderabad,2018,40.817,1.0,45
Secunderabad Cantt.,2018,40.529,1.0,94
Serilingampally,2018,36.718,1.0,592
Shadnagar,2018,1.744,0.5011,4594
Siddipet,2018,1.231,0.2922,3463
Sircilla,2018,0.804,0.2045,4215
Sirpur,2018,0.091,0.0207,10241
Suryapet,2018,0.836,0.1978,3737
Tandur,2018,1.09,0.2568,4478
Thungathurthi,2018,0.22,0.0541,6493
Uppal,2018,34.691,1.0,246
Vemulawada,2018,0.638,0.1485,4924
Vicarabad,2018,0.525,0.1181,5232
Wanaparthy,2018,0.891,0.2211,5342
Waradhanapet,2018,1.942,0.3709,3915
Warangal East,2018,13.752,1.0,97
Warangal West,2018,9.51,1.0,66
Wyra,2018,0.25,0.0572,5189
Yakutpura,2018,86.548,1.0,71
Yellandu,2018,0.233,0.048,7536
Yellareddy,2018,0.36,0.0857,7120
Zahirabad,2018,0.702,0.1508,5332
Achampet,2023,0.473,0.1069,16317
Adilabad,2023,1.274,0.2169,4440
Alair,2023,1.388,0.4094,6966
Alampur,2023,0.964,0.2293,6759
Amberpet,2023,53.759,1.0,31
Andole,2023,1.389,0.4347,6588
Armur,2023,1.731,0.5076,3495
Asifabad,2023,0.516,0.0892,14369
Aswaraopeta,2023,0.423,0.0752,9218
Bahadurpura,2023,73.473,1.0,59
Balkonda,2023,1.345,0.4038,5067
Banswada,2023,1.173,0.3067,3880
Bellampalli,2023,0.865,0.1882,7214
Bhadrachalam,2023,0.388,0.0669,9746
Bhongir,2023,2.29,0.7271,4705
Bhupalpalle,2023,1.303,0.3626,6373
Boath,2023,0.657,0.1308,9518
Bodhan,2023,1.522,0.4431,3333
Chandrayangutta,2023,79.805,1.0,79
Charminar,2023,91.98,1.0,26
Chennur,2023,1.399,0.2899,6772
Chevella,2023,3.177,0.8396,5312
Choppadandi,2023,1.8,0.742,4461
Devarakonda,2023,0.915,0.2469,9528
Devarkadra,2023,1.713,0.6095,5260
Dharmapuri,2023,1.586,0.6027,4717
Dornakal,2023,1.12,0.3549,4427
Dubbak,2023,1.527,0.5356,4879
Gadwal,2023,1.208,0.2534,5738
Gajwel,2023,2.631,0.7972,5898
Ghanpur (Station),2023,1.547,0.4741,5996
Goshamahal,2023,79.658,1.0,39
Husnabad,2023,1.295,0.4451,5397
Huzurabad,2023,1.81,0.6553,3342
Huzurnagar,2023,1.733,0.55,5591
Ibrahimpatnam,2023,4.515,0.6899,5360
Jadcherla,2023,2.124,0.6932,5479
Jagtial,2023,1.644,0.4364,3600
Jangoan,2023,1.363,0.359,5284
Jubilee Hills,2023,54.682,1.0,87
Jukkal,2023,1.096,0.2943,5648
Kalwakurthy,2023,1.473,0.4383,7075
Kamareddy,2023,1.856,0.532,3863
Karimnagar,2023,8.343,0.9966,1186
Karwan,2023,58.672,1.0,80
Khairatabad,2023,52.346,1.0,136
Khammam,2023,5.097,0.7035,1214
Khanapur,2023,0.616,0.146,10667
Kodad,2023,1.81,0.5708,4226
Kodangal,2023,1.297,0.4325,5396
Kollapur,2023,1.009,0.2748,8290
Koratla,2023,1.784,0.491,3377
Kothagudem,2023,1.633,0.3562,4346
Kukatpalle,2023,40.975,1.0,160
Lal Bahadur Nagar,2023,51.375,1.0,139
Madhira,2023,1.016,0.2706,5029
Mahabubabad,2023,1.17,0.3498,4786
Mahbubnagar,2023,3.694,0.751,1908
Maheswaram,2023,8.194,0.9677,3376
Makthal,2023,1.072,0.2573,7283
Malakpet,2023,72.271,1.0,32
Malkajgiri,2023,32.646,1.0,361
Manakondur,2023,1.686,0.6823,4996
Mancherial,2023,2.191,0.4428,3530
Manthani,2023,1.13,0.2455,12094
Medak,2023,1.564,0.5001,4591
Medchal,2023,10.893,1.0,3724
Miryalaguda,2023,2.393,0.659,3888
Mudhole,2023,0.959,0.1758,7342
Mulug,2023,0.31,0.0672,19634
Munugode,2023,1.677,0.3914,7281
Musheerabad,2023,49.357,1.0,30
Nagarjuna Sagar,2023,1.165,0.3341,7276
Nagarkurnool,2023,1.861,0.6211,5737
Nakrekal,2023,1.915,0.5724,5858
Nalgonda,2023,2.575,0.528,4019
Nampally,2023,70.662,1.0,43
Narayankhed,2023,1.267,0.3887,5645
Narayanpet,2023,1.293,0.3885,4597
Narsampet,2023,1.22,0.4279,4120
Narsapur,2023,1.762,0.6699,5874
Nirmal,2023,1.323,0.3167,5637
Nizamabad (Rural),2023,2.261,0.482,6699
Nizamabad (Urban),2023,24.184,1.0,150
Palair,2023,1.719,0.5452,4266
Palakurthi,2023,1.174,0.3464,5298
Pargi,2023,1.348,0.5165,5378
Parkal,2023,2.218,0.7607,3326
Patancheru,2023,12.733,0.9988,2507
Peddapalle,2023,1.595,0.5553,4551
Pinapaka,2023,0.819,0.1771,11023
Quthbullapur,2023,28.744,1.0,694
Rajendranagar,2023,21.205,1.0,1730
Ramagundam,2023,5.839,0.7752,1606
Sanathnagar,2023,51.4,1.0,55
Sangareddy,2023,4.495,0.8685,3035
Sathupalle,2023,1.006,0.2543,6562
Secunderabad,2023,38.663,1.0,45
Secunderabad Cantt.,2023,43.755,1.0,94
Serilingampally,2023,52.493,1.0,592
Shadnagar,2023,3.191,0.8463,4594
Siddipet,2023,2.217,0.6295,3463
Sircilla,2023,1.766,0.5362,4215
Sirpur,2023,0.459,0.0899,10241
Suryapet,2023,2.075,0.54,3737
Tandur,2023,1.644,0.4368,4478
Thungathurthi,2023,0.991,0.227,6493
Uppal,2023,41.325,1.0,246
Vemulawada,2023,1.5,0.4446,4924
Vicarabad,2023,1.228,0.3528,5232
Wanaparthy,2023,1.717,0.5876,5342
Waradhanapet,2023,3.478,0.7142,3915
Warangal East,2023,18.729,1.0,97
Warangal West,2023,14.911,1.0,66
Wyra,2023,0.885,0.2421,5189
Yakutpura,2023,77.002,1.0,71
Yellandu,2023,0.729,0.1626,7536
Yellareddy,2023,0.956,0.2365,7120
Zahirabad,2023,1.499,0.365,5332
Achampet,2024,0.498,0.127,16317
Adilabad,2024,1.229,0.2117,4440
Alair,2024,1.406,0.4312,6966
Alampur,2024,0.994,0.249,6759
Amberpet,2024,53.375,1.0,31
Andole,2024,1.383,0.4561,6588
Armur,2024,1.918,0.6223,3495
Asifabad,2024,0.586,0.1136,14369
Aswaraopeta,2024,0.43,0.078,9218
Bahadurpura,2024,71.396,1.0,59
Balkonda,2024,1.413,0.4717,5067
Banswada,2024,1.149,0.3299,3880
Bellampalli,2024,0.954,0.2156,7214
Bhadrachalam,2024,0.319,0.0484,9746
Bhongir,2024,2.431,0.7617,4705
Bhupalpalle,2024,1.275,0.3629,6373
Boath,2024,0.673,0.1528,9518
Bodhan,2024,1.608,0.5236,3333
Chandrayangutta,2024,77.32,1.0,79
Charminar,2024,90.32,1.0,26
Chennur,2024,1.448,0.3061,6772
Chevella,2024,3.622,0.868,5312
Choppadandi,2024,1.831,0.7826,4461
Devarakonda,2024,0.913,0.2466,9528
Devarkadra,2024,1.859,0.7034,5260
Dharmapuri,2024,1.519,0.6173,4717
Dornakal,2024,1.178,0.4231,4427
Dubbak,2024,1.522,0.5532,4879
Gadwal,2024,1.255,0.2802,5738
Gajwel,2024,2.782,0.8125,5898
Ghanpur (Station),2024,1.567,0.5058,5996
Goshamahal,2024,76.963,1.0,39
Husnabad,2024,1.278,0.4462,5397
Huzurabad,2024,1.85,0.7196,3342
Huzurnagar,2024,1.769,0.5747,5591
Ibrahimpatnam,2024,4.774,0.6996,5360
Jadcherla,2024,2.238,0.766,5479
Jagtial,2024,1.674,0.4794,3600
Jangoan,2024,1.339,0.3618,5284
Jubilee Hills,2024,56.409,1.0,87
Jukkal,2024,1.082,0.3026,5648
Kalwakurthy,2024,1.459,0.4598,7075
Kamareddy,2024,1.893,0.5664,3863
Karimnagar,2024,8.686,0.9958,1186
Karwan,2024,58.213,1.0,80
Khairatabad,2024,55.374,1.0,136
Khammam,2024,4.613,0.7208,1214
Khanapur,2024,0.628,0.1537,10667
Kodad,2024,1.826,0.6015,4226
Kodangal,2024,1.436,0.5847,5396
Kollapur,2024,1.029,0.3064,8290
Koratla,2024,1.703,0.5025,3377
Kothagudem,2024,1.556,0.3578,4346
Kukatpalle,2024,42.743,1.0,160
Lal Bahadur Nagar,2024,53.006,1.0,139
Madhira,2024,1.004,0.2752,5029
Mahabubabad,2024,1.141,0.3268,4786
Mahbubnagar,2024,4.197,0.8622,1908
Maheswaram,2024,8.959,0.9739,3376
Makthal,2024,1.145,0.3036,7283
Malakpet,2024,70.873,1.0,32
Malkajgiri,2024,33.639,1.0,361
Manakondur,2024,1.669,0.6695,4996
Mancherial,2024,2.364,0.4643,3530
Manthani,2024,1.111,0.2443,12094
Medak,2024,1.553,0.4942,4591
Medchal,2024,11.806,1.0,3724
Miryalaguda,2024,2.5,0.6926,3888
Mudhole,2024,0.994,0.2103,7342
Mulug,2024,0.282,0.0591,19634
Munugode,2024,1.838,0.384,7281
Musheerabad,2024,49.398,1.0,30
Nagarjuna Sagar,2024,1.199,0.3634,7276
Nagarkurnool,2024,1.999,0.7216,5737
Nakrekal,2024,1.948,0.6127,5858
Nalgonda,2024,2.668,0.5914,4019
Nampally,2024,68.632,1.0,43
Narayankhed,2024,1.258,0.3957,5645
Narayanpet,2024,1.361,0.4483,4597
Narsampet,2024,1.183,0.4192,4120
Narsapur,2024,1.77,0.6728,5874
Nirmal,2024,1.341,0.3427,5637
Nizamabad (Rural),2024,2.301,0.5195,6699
Nizamabad (Urban),2024,22.414,1.0,150
Palair,2024,1.768,0.5748,4266
Palakurthi,2024,1.16,0.3573,5298
Pargi,2024,1.517,0.6822,5378
Parkal,2024,2.174,0.7778,3326
Patancheru,2024,14.362,1.0,2507
Peddapalle,2024,1.628,0.5873,4551
Pinapaka,2024,0.772,0.1746,11023
Quthbullapur,2024,30.995,1.0,694
Rajendranagar,2024,23.297,1.0,1730
Ramagundam,2024,5.858,0.8474,1606
Sanathnagar,2024,51.578,1.0,55
Sangareddy,2024,4.592,0.8801,3035
Sathupalle,2024,1.104,0.2796,6562
Secunderabad,2024,38.3,1.0,45
Secunderabad Cantt.,2024,44.371,1.0,94
Serilingampally,2024,56.063,1.0,592
Shadnagar,2024,3.503,0.8953,4594
Siddipet,2024,2.209,0.6685,3463
Sircilla,2024,1.656,0.5246,4215
Sirpur,2024,0.458,0.0833,10241
Suryapet,2024,2.017,0.5264,3737
Tandur,2024,1.861,0.5583,4478
Thungathurthi,2024,1.006,0.2413,6493
Uppal,2024,42.529,1.0,246
Vemulawada,2024,1.468,0.4718,4924
Vicarabad,2024,1.258,0.3901,5232
Wanaparthy,2024,1.81,0.6677,5342
Waradhanapet,2024,3.501,0.7351,3915
Warangal East,2024,17.918,1.0,97
Warangal West,2024,14.481,1.0,66
Wyra,2024,0.874,0.2394,5189
Yakutpura,2024,74.721,1.0,71
Yellandu,2024,0.749,0.1892,7536
Yellareddy,2024,0.925,0.2375,7120
Zahirabad,2024,1.555,0.421,5332
