seat,area_km2,built_2017_ha,trees_2017_ha,crops_2017_ha,water_2017_ha,built_2023_ha,trees_2023_ha,crops_2023_ha,water_2023_ha,dry_green_2019_ha,dry_water_2019_ha,dry_cover_2019,dry_green_2026_ha,dry_water_2026_ha,dry_cover_2026
Achampet,3344.3,3379.3,30353.5,108213.2,3519.0,5450.7,57765.2,117531.9,4682.7,2387.9,1824.7,1.0,27663.1,3374.7,1.0
Adilabad,894.8,2940.5,7322.1,53647.2,1130.5,3750.6,3316.9,59159.3,1198.4,1391.5,347.3,1.0,7686.7,481.1,1.0
Alair,1420.2,4731.1,446.1,106263.4,428.8,8279.5,2417.4,110043.4,2303.3,1611.6,6.9,1.0,24662.0,702.1,0.999
Alampur,1386.4,3983.7,204.0,125394.4,4643.6,5343.6,96.0,127370.2,3463.7,5607.6,679.9,1.0,15518.8,2999.8,0.998
Amberpet,6.5,591.0,35.8,0.0,7.0,588.8,24.4,0.0,6.6,31.7,0.0,1.0,12.9,0.4,1.0
Andole,1341.1,3501.2,2756.9,87609.8,13298.0,4481.0,1440.8,102331.5,14808.8,3863.1,1247.9,0.621,16461.2,6985.3,0.997
Armur,707.1,3667.9,2235.6,48347.2,10798.4,4469.3,1788.7,46462.1,13391.3,28118.6,3268.7,0.863,32020.2,8702.0,0.998
Asifabad,2897.2,2780.4,48667.9,83069.2,3483.2,4370.4,27452.6,112819.0,4673.5,3175.7,2095.2,1.0,4827.3,2336.8,1.0
Aswaraopeta,1881.3,2821.1,86366.3,83112.1,961.0,4083.2,77659.6,90210.3,1093.0,29304.3,16.5,0.246,39578.4,412.4,0.999
Bahadurpura,11.7,992.1,21.4,1.4,141.6,982.7,19.6,22.4,107.5,195.9,69.5,1.0,157.9,6.9,1.0
Balkonda,1022.7,3936.2,7812.4,70094.4,6121.7,5007.9,4748.3,68734.3,8593.5,21961.8,483.7,0.763,31939.8,4834.8,0.994
Banswada,786.3,2909.1,12529.5,53662.8,2034.6,3550.6,9168.6,54494.8,2398.3,10142.8,80.3,0.316,43610.0,649.2,0.999
Bellampalli,1455.0,3454.6,45904.7,55796.9,2184.6,4626.8,40051.4,61650.2,2601.9,9888.6,580.6,1.0,9246.3,1342.7,1.0
Bhadrachalam,1977.2,2139.3,85087.4,48961.5,4255.9,3613.3,63981.9,54215.3,4777.5,14453.4,37.8,0.621,13047.3,2267.8,0.995
Bhongir,960.1,5234.5,340.3,66246.4,1859.3,8275.5,816.5,70597.2,2833.4,28172.1,612.0,1.0,27393.1,1342.6,1.0
Bhupalpalle,1295.8,4894.0,21524.2,86957.2,2476.9,6231.0,17732.7,86902.3,3374.9,47655.5,922.9,1.0,36034.1,1159.9,0.999
Boath,1915.9,1883.8,24900.2,71408.4,1772.5,3065.4,11666.6,93251.8,1965.1,1853.8,295.4,0.933,16885.6,565.1,0.999
Bodhan,675.8,3529.8,2011.7,54791.7,2649.7,3990.5,1245.2,54408.4,3551.0,2453.3,3.2,0.135,40157.7,1297.3,0.996
Chandrayangutta,16.2,1542.5,5.8,18.1,27.6,1570.4,2.2,3.3,32.3,89.3,14.2,1.0,34.1,12.0,1.0
Charminar,5.3,525.4,0.0,0.0,4.3,522.5,0.0,0.0,7.6,38.7,0.0,1.0,16.3,1.4,1.0
Chennur,1367.1,3961.9,45307.1,56416.4,1722.1,5574.1,36742.2,59833.2,4266.4,28949.0,377.9,1.0,19820.7,842.8,1.0
Chevella,1085.8,5107.3,263.4,95033.8,976.2,11561.2,388.0,88836.2,2314.0,2066.4,697.0,1.0,1478.3,287.9,0.309
Choppadandi,904.1,5749.5,3036.6,68396.5,1346.7,6948.2,4296.8,66156.7,4771.2,40217.1,1257.4,1.0,39739.8,2669.6,1.0
Devarakonda,1949.5,3846.7,792.5,103987.3,15201.0,6553.8,1497.3,112792.3,17999.2,13910.6,12476.4,1.0,28701.3,15453.5,1.0
Devarkadra,1078.2,3690.4,1205.0,83491.0,1985.1,5596.1,2205.5,85023.5,4045.7,9441.3,671.0,1.0,28194.9,1802.5,0.992
Dharmapuri,953.6,5487.2,3578.6,66189.0,3544.3,6760.1,4946.3,65520.7,4688.1,50559.3,1557.3,0.96,45776.4,1944.5,0.998
Dornakal,901.7,3426.4,583.5,82541.1,810.4,4667.7,734.1,80947.1,2719.0,24147.0,114.4,1.0,33764.7,467.2,0.999
Dubbak,990.7,3530.3,2191.2,76767.6,1214.6,4653.9,2997.2,72722.3,6100.8,8767.8,21.0,1.0,32157.8,4202.0,1.0
Gadwal,1179.5,3231.7,56.7,96032.7,6553.7,4487.5,59.7,100562.4,6731.2,13300.9,2079.3,0.97,25509.1,4042.2,0.999
Gajwel,1198.0,5561.4,2377.6,92653.8,708.0,10046.6,3322.9,85739.8,5825.4,2461.5,10.2,1.0,20181.2,3513.2,0.999
Ghanpur (Station),1219.5,5186.5,1738.8,102363.2,2793.2,7470.1,2205.5,102923.0,4398.0,23706.5,896.3,0.998,40718.4,1210.6,0.997
Goshamahal,8.0,794.6,0.0,0.0,0.0,795.4,0.0,0.0,0.0,7.6,0.0,1.0,0.7,0.0,1.0
Husnabad,1094.4,4822.5,1579.6,89523.1,1193.5,6752.8,2369.3,88525.9,2583.3,18690.0,101.5,1.0,41073.0,908.9,0.999
Huzurabad,678.2,5129.8,50.4,60421.0,1210.3,5936.1,49.5,58453.0,2473.7,38159.8,316.3,1.0,45465.2,853.2,1.0
Huzurnagar,1143.4,5355.9,188.8,84448.9,2920.0,6027.3,201.0,87697.8,7937.9,56512.4,893.7,1.0,49302.2,2895.7,1.0
Ibrahimpatnam,1095.3,9735.8,1617.4,41456.3,407.8,16266.3,3127.3,44116.7,1837.8,2509.5,45.1,1.0,8083.7,840.0,1.0
Jadcherla,1120.0,3809.5,880.0,98783.3,38.3,6806.2,1756.2,95031.3,1848.2,1669.9,61.4,1.0,14011.1,1060.2,1.0
Jagtial,727.6,4148.5,9865.0,40801.4,1618.8,4991.7,5647.9,39023.7,2355.8,24503.6,374.1,0.774,25939.0,770.8,0.999
Jangoan,1074.5,4048.8,421.5,88842.3,1447.8,5339.5,1237.0,94273.4,2521.2,14758.0,528.8,0.999,34500.7,811.6,0.996
Jubilee Hills,17.9,1733.5,12.4,0.0,4.7,1738.6,10.2,0.0,4.0,81.4,0.0,1.0,8.0,2.9,1.0
Jukkal,1146.5,2554.4,4308.9,77099.7,8542.3,3459.7,3914.1,78794.5,9326.5,8617.7,407.0,0.767,30781.3,6893.1,1.0
Kalwakurthy,1449.4,3520.3,853.3,114444.0,98.0,6185.0,1343.5,116195.2,1272.2,1241.0,66.8,1.0,19399.3,750.8,1.0
Kamareddy,784.7,3815.6,4318.7,52029.6,1829.4,5165.2,4712.9,51646.6,3236.0,10759.2,337.1,1.0,21500.0,1883.3,1.0
Karimnagar,240.2,5720.8,26.3,15864.1,1771.9,6884.6,41.7,14147.6,2511.9,9113.4,812.2,1.0,9044.4,1538.6,1.0
Karwan,15.9,1339.4,49.7,24.3,31.2,1353.2,74.0,1.5,34.1,209.7,0.0,1.0,51.5,17.4,1.0
Khairatabad,27.5,2174.0,5.8,1.8,413.7,2175.8,23.3,0.0,409.0,115.3,376.9,1.0,21.1,375.9,1.0
Khammam,248.6,3550.8,829.4,18985.6,296.0,4363.9,982.0,18591.8,422.7,9508.3,41.8,0.999,8885.3,152.5,0.999
Khanapur,2152.7,3276.0,77252.0,65735.8,3516.3,4632.6,44771.9,74523.5,3753.6,8742.1,666.1,0.997,20011.8,1721.6,0.999
Kodad,862.9,5023.6,584.3,78492.2,1611.0,6036.7,281.3,77123.4,2590.3,55647.9,991.5,1.0,53247.0,961.7,1.0
Kodangal,1105.2,2695.6,1194.9,87352.4,1168.2,3957.3,2055.5,92762.0,1736.4,673.5,5.0,0.285,17097.8,1126.4,1.0
Kollapur,1704.1,3723.2,10430.2,96346.7,8843.3,5342.2,22280.6,106724.2,7212.6,14615.1,2186.0,1.0,27824.5,6937.8,1.0
Koratla,685.6,4193.0,2098.5,52015.7,1655.0,5044.5,1545.7,50203.4,2580.4,18336.6,242.9,0.631,14604.3,434.8,0.569
Kothagudem,885.5,4619.5,30554.8,32680.2,2949.7,5625.3,27379.3,38898.2,3113.8,11837.4,289.6,0.661,9119.4,1664.0,0.998
Kukatpalle,33.2,2557.1,150.5,36.6,25.4,2588.0,276.3,6.2,52.6,126.2,9.1,1.0,50.0,18.5,1.0
Lal Bahadur Nagar,28.1,2466.3,34.6,0.0,42.6,2491.9,83.3,0.0,44.4,23.8,35.7,1.0,23.1,25.6,1.0
Madhira,1027.8,4447.4,5986.4,86205.8,1231.8,5110.4,8064.5,85135.8,2660.3,55273.8,258.8,0.817,53317.0,911.0,0.997
Mahabubabad,973.8,4066.5,9407.9,74078.3,1497.2,5257.3,10448.4,72818.4,2803.9,26040.9,318.7,1.0,33729.5,948.0,1.0
Mahbubnagar,391.2,3203.1,2702.1,20559.0,156.0,4427.8,4127.9,21138.0,400.5,396.5,16.9,1.0,5355.1,277.4,0.999
Maheswaram,688.9,7943.6,1279.2,41039.4,238.3,12928.0,2274.6,37311.9,1320.6,449.3,45.4,1.0,5242.9,722.9,0.999
Makthal,1492.9,3119.4,175.4,131004.9,7391.0,4502.0,213.2,133013.5,6885.4,7679.9,1031.8,0.46,33096.0,4213.1,0.999
Malakpet,6.1,570.4,2.2,12.2,0.0,571.1,0.4,6.7,2.6,38.9,0.0,1.0,10.4,0.7,1.0
Malkajgiri,73.8,6101.7,184.8,163.4,56.5,6286.5,293.9,21.0,22.5,280.8,31.2,1.0,134.4,7.6,1.0
Manakondur,1013.0,5316.4,977.4,83901.4,5106.4,7435.2,1059.4,80720.7,8550.1,42202.9,2536.3,1.0,52382.0,5050.9,1.0
Mancherial,714.3,5516.4,16875.2,34510.8,4664.1,6449.5,13316.8,33632.5,4997.1,24760.6,2347.1,0.999,20803.5,2525.2,1.0
Manthani,2449.2,5132.5,103955.4,88438.6,2616.5,6933.3,89135.1,89906.8,9254.8,62882.7,665.1,1.0,41248.3,2202.3,1.0
Medak,934.2,3553.8,5629.9,57916.9,2914.3,5014.6,7061.6,58064.6,4602.7,12013.1,251.9,1.0,32274.8,1279.1,0.997
Medchal,759.6,16312.4,1530.4,33141.2,1441.2,25991.2,2745.5,25489.4,2437.6,4556.9,201.1,1.0,3075.2,1317.8,1.0
Miryalaguda,794.9,4936.9,153.9,61844.8,2039.2,6329.5,208.3,62036.8,3037.1,38613.0,751.6,1.0,35747.9,1255.0,0.999
Mudhole,1484.0,3086.3,3919.1,109761.1,5765.8,4077.2,1453.5,118621.0,7034.3,119.5,0.0,0.074,42304.0,3335.0,0.997
Mulug,3986.2,3457.7,211268.9,99636.1,8010.6,5839.2,194948.4,108187.9,8946.7,57940.1,2445.2,1.0,40759.9,4597.5,0.999
Munugode,1486.4,4953.3,393.8,100709.5,365.1,7356.6,1290.8,108183.9,1020.5,1391.4,0.0,1.0,16231.0,494.5,0.999
Musheerabad,6.2,616.6,0.0,0.0,0.0,617.7,0.0,0.0,0.0,8.5,0.0,1.0,3.3,0.0,1.0
Nagarjuna Sagar,1488.5,4749.2,308.4,119651.4,2085.6,5907.4,838.4,125668.4,3748.7,62388.8,1091.9,1.0,56664.1,1571.7,0.999
Nagarkurnool,1173.9,3770.8,393.6,102667.9,2268.1,5262.5,670.1,101913.4,4290.9,12857.1,973.1,1.0,39753.8,1846.3,1.0
Nakrekal,1193.5,5337.6,92.0,104221.8,2722.0,7441.5,350.7,106527.0,3124.4,27745.5,569.1,0.999,38274.1,1460.1,0.998
Nalgonda,821.9,5329.1,15.5,73051.3,1623.5,6292.7,59.4,72454.6,2782.1,34805.9,939.0,1.0,38565.7,1664.9,0.999
Nampally,9.1,901.3,6.9,0.0,0.0,906.8,3.7,0.0,0.4,30.7,0.0,1.0,4.4,0.0,1.0
Narayankhed,1145.9,2187.4,1734.2,66844.3,6024.3,3301.9,1835.2,78048.9,6508.8,2333.1,77.3,0.503,17854.6,3404.5,0.998
Narayanpet,939.0,2534.9,2698.6,54540.4,1183.8,3542.4,4186.4,60585.2,1703.7,3177.1,280.7,0.586,17348.4,708.8,1.0
Narsampet,837.7,4043.2,1620.4,70457.4,1771.4,4946.4,1793.7,70727.3,2141.9,25853.2,307.6,1.0,36549.9,897.6,0.999
Narsapur,1195.5,3783.9,6873.7,78079.4,2513.5,6083.9,7157.9,76481.5,4531.8,4789.8,94.3,1.0,23991.1,1697.5,0.686
Nirmal,1137.6,3742.1,17315.4,63519.2,9858.5,4960.6,8954.7,62495.0,11696.6,15319.9,730.4,0.694,31333.4,7962.6,0.999
Nizamabad (Rural),1355.5,7353.6,29031.1,68977.6,1957.0,9447.0,21538.3,69025.8,3746.4,24651.3,346.5,0.915,44224.0,877.7,0.998
Nizamabad (Urban),30.6,1834.6,37.7,800.4,13.8,2094.7,50.4,474.7,48.2,405.4,18.9,0.722,336.9,19.6,1.0
Palair,870.9,5057.0,586.2,77654.0,2383.8,6586.2,512.7,75592.5,3473.8,48680.8,1325.3,1.0,37745.3,1205.4,1.0
Palakurthi,1078.4,4413.0,305.7,99044.4,1695.3,5864.2,532.0,96249.3,4393.2,14819.3,264.0,1.0,42486.7,1036.3,1.0
Pargi,1098.4,2729.5,5722.0,77846.3,1340.3,4058.9,6962.5,81734.7,1884.4,2851.0,50.8,1.0,13921.4,1012.0,0.988
Parkal,675.6,4488.9,147.2,60321.6,1344.7,5419.7,260.1,58939.3,2039.9,19910.4,319.0,1.0,27623.6,924.3,0.999
Patancheru,510.7,8587.3,2257.0,28835.7,1286.4,13778.7,3318.2,21539.6,1820.2,1639.1,173.1,1.0,822.3,1173.4,1.0
Peddapalle,921.7,6541.4,1570.3,75211.0,1156.2,7615.3,1397.1,73902.3,2431.1,53894.3,503.7,1.0,57550.6,748.2,1.0
Pinapaka,2240.8,3496.8,99541.8,71576.6,3753.7,5379.7,92372.9,87204.8,4590.8,14352.8,87.6,0.704,20466.9,2429.9,0.998
Quthbullapur,141.2,6990.8,409.3,3278.3,465.7,9099.8,749.9,1295.8,483.8,378.9,87.9,1.0,257.8,273.7,1.0
Rajendranagar,351.3,9576.1,980.3,15688.1,1888.9,13958.9,1211.7,11244.2,2701.6,986.9,1029.6,1.0,828.4,2213.1,1.0
Ramagundam,325.2,4496.8,2385.1,13598.1,3071.3,5265.1,2193.4,13029.1,4126.7,9995.8,1865.0,0.997,8040.7,1511.0,1.0
Sanathnagar,10.8,995.4,3.3,3.3,60.8,982.6,3.7,0.4,52.0,39.2,48.7,1.0,24.9,46.9,1.0
Sangareddy,616.8,4359.8,642.8,50560.9,1470.1,6615.9,434.7,50171.5,2338.5,3482.1,277.1,1.0,3594.4,1668.9,0.999
Sathupalle,1339.6,5462.6,28312.4,89597.1,2888.1,6875.3,25320.4,90356.5,3223.5,34869.6,283.4,0.355,59893.7,1670.1,0.997
Secunderabad,9.2,842.6,43.5,1.8,0.0,841.5,32.6,0.0,1.1,60.2,1.4,1.0,9.4,0.0,1.0
Secunderabad Cantt.,19.1,1788.0,44.1,0.0,0.0,1776.8,66.3,0.0,0.0,81.3,0.0,1.0,22.6,0.0,1.0
Serilingampally,120.1,8738.8,182.4,387.6,280.3,9308.4,199.8,42.6,265.5,434.6,85.6,1.0,183.1,103.3,1.0
Shadnagar,938.5,5325.1,953.4,82045.4,59.7,8487.2,1229.0,79360.8,1211.5,2336.9,3.5,1.0,10511.6,772.5,1.0
Siddipet,704.4,3898.5,455.2,58256.2,516.1,5945.1,1089.6,56123.6,2418.2,9572.4,40.6,1.0,22475.7,1405.0,0.999
Sircilla,854.8,4206.5,7773.0,52473.4,689.4,5526.9,7001.0,52199.1,4295.3,12555.9,514.2,1.0,31531.2,2341.3,1.0
Sirpur,2063.6,4339.7,65509.1,90251.2,4024.6,6024.2,56575.7,101778.8,4786.8,6524.7,431.9,1.0,8847.0,1748.1,1.0
Suryapet,764.4,4905.2,158.1,66614.1,1697.8,6114.8,84.0,65538.6,3126.4,23025.4,447.2,1.0,37462.9,1323.6,0.999
Tandur,913.4,4166.2,4832.9,66007.3,1002.9,5139.7,4781.0,68634.9,1461.9,0.0,0.0,0.0,1756.9,920.3,1.0
Thungathurthi,1325.1,4874.0,249.8,119337.3,2129.0,6409.7,335.0,118289.8,4822.9,15726.2,340.6,1.0,50800.7,1246.2,0.998
Uppal,50.3,3928.6,242.6,153.2,151.0,4194.7,168.0,108.6,169.5,442.1,37.7,1.0,151.3,47.1,1.0
Vemulawada,995.7,4702.0,8890.4,66294.8,703.5,5651.5,7154.3,65716.1,3716.4,26946.2,490.1,1.0,36156.7,1956.8,1.0
Vicarabad,1065.3,2538.2,4125.1,68684.0,792.7,3600.9,3573.8,79876.6,1239.8,1028.4,60.0,0.646,4370.8,827.0,1.0
Wanaparthy,1095.3,3970.6,1158.2,79290.9,3099.8,5762.9,2333.3,83594.0,4049.5,12382.4,696.1,0.998,26523.3,2116.3,0.993
Waradhanapet,797.7,9949.8,671.8,65102.9,2497.0,12443.4,1102.0,61484.1,3488.1,23781.5,633.8,1.0,32093.1,1072.3,0.999
Warangal East,20.2,1208.2,21.3,698.6,60.7,1295.7,32.2,552.2,76.6,363.6,22.8,0.996,280.1,16.3,0.996
Warangal West,13.8,724.6,31.3,438.5,70.9,871.9,4.4,335.2,112.3,228.7,6.5,1.0,156.0,25.5,1.0
Wyra,1059.4,3522.0,13780.7,77785.9,1328.8,4470.3,12995.8,81690.7,1726.6,52540.3,524.7,1.0,45876.8,1229.9,0.999
Yakutpura,14.7,1443.0,19.6,0.0,1.5,1460.8,1.8,0.0,3.3,82.7,0.4,1.0,18.5,0.0,1.0
Yellandu,1536.2,3068.0,36424.5,83272.3,1455.1,4356.0,34715.5,94002.2,1596.9,26605.1,96.1,0.999,28526.9,1132.5,1.0
Yellareddy,1443.7,3350.0,20441.0,82591.5,3482.6,4375.5,18207.1,85443.0,4096.9,20642.4,406.2,0.954,36073.4,1490.4,0.997
Zahirabad,1086.3,3334.5,2570.2,85897.9,905.4,4441.7,2230.7,92627.6,1043.2,1828.8,65.6,1.0,2803.1,498.6,1.0
