seat_no,seat,booth,BRS,INC,BJP,AIMIM,others,valid_votes,nota,total_polled
61,Jubilee Hills,1,227,200,57,99,8,591,1,592
61,Jubilee Hills,2,94,148,3,38,3,286,0,286
61,Jubilee Hills,2A,149,190,35,34,6,414,3,417
61,Jubilee Hills,3,126,244,13,121,4,508,0,508
61,Jubilee Hills,4,151,248,14,106,2,521,1,522
61,Jubilee Hills,5,173,266,13,138,10,600,2,602
61,Jubilee Hills,6,179,237,10,127,7,560,1,561
61,Jubilee Hills,7,206,136,122,15,5,484,4,488
61,Jubilee Hills,7A,91,81,56,6,2,236,3,239
61,Jubilee Hills,8,335,169,208,18,22,752,4,756
61,Jubilee Hills,9,149,126,75,25,2,377,2,379
61,Jubilee Hills,10,163,86,136,7,10,402,4,406
61,Jubilee Hills,11,307,88,312,7,14,728,4,732
61,Jubilee Hills,12,269,94,270,9,17,659,6,665
61,Jubilee Hills,13,290,92,249,1,9,641,6,647
61,Jubilee Hills,14,178,64,190,6,9,447,3,450
61,Jubilee Hills,15,193,79,233,6,11,522,2,524
61,Jubilee Hills,15A,147,43,196,3,3,392,5,397
61,Jubilee Hills,16,131,271,23,212,10,647,2,649
61,Jubilee Hills,17,102,121,3,116,4,346,0,346
61,Jubilee Hills,17A,142,173,10,140,2,467,2,469
61,Jubilee Hills,18,313,95,351,7,10,776,7,783
61,Jubilee Hills,19,225,149,132,5,13,524,4,528
61,Jubilee Hills,20,167,117,107,7,8,406,3,409
61,Jubilee Hills,21,152,126,90,11,7,386,3,389
61,Jubilee Hills,22,142,132,82,3,7,366,3,369
61,Jubilee Hills,23,241,178,170,30,8,627,5,632
61,Jubilee Hills,24,224,188,100,40,3,555,7,562
61,Jubilee Hills,25,354,146,193,16,5,714,3,717
61,Jubilee Hills,26,332,144,120,15,20,631,10,641
61,Jubilee Hills,27,273,133,74,13,21,514,2,516
61,Jubilee Hills,28,117,238,8,134,1,498,0,498
61,Jubilee Hills,29,149,271,37,142,2,601,4,605
61,Jubilee Hills,30,78,148,21,122,11,380,2,382
61,Jubilee Hills,31,295,124,60,28,18,525,9,534
61,Jubilee Hills,32,144,102,39,53,11,349,3,352
61,Jubilee Hills,32A,128,64,46,24,6,268,3,271
61,Jubilee Hills,33,147,256,17,135,2,557,1,558
61,Jubilee Hills,34,100,241,10,98,7,456,3,459
61,Jubilee Hills,35,84,220,7,131,6,448,2,450
61,Jubilee Hills,36,105,223,17,76,4,425,1,426
61,Jubilee Hills,37,95,166,18,50,3,332,2,334
61,Jubilee Hills,38,65,153,4,131,4,357,0,357
61,Jubilee Hills,39,91,216,6,129,6,448,0,448
61,Jubilee Hills,40,117,250,4,135,6,512,1,513
61,Jubilee Hills,41,90,363,11,110,7,581,3,584
61,Jubilee Hills,42,65,133,4,47,5,254,0,254
61,Jubilee Hills,43,104,241,1,74,1,421,1,422
61,Jubilee Hills,44,155,324,3,143,5,630,1,631
61,Jubilee Hills,45,191,344,1,122,4,662,6,668
61,Jubilee Hills,46,86,203,3,99,3,394,1,395
61,Jubilee Hills,47,92,158,6,144,3,403,2,405
61,Jubilee Hills,47A,107,205,5,113,8,438,0,438
61,Jubilee Hills,48,109,194,12,122,12,449,4,453
61,Jubilee Hills,49,101,169,2,84,8,364,2,366
61,Jubilee Hills,50,147,270,4,178,4,603,1,604
61,Jubilee Hills,51,119,256,9,122,3,509,1,510
61,Jubilee Hills,52,98,195,58,98,3,452,1,453
61,Jubilee Hills,52A,106,144,57,153,5,465,0,465
61,Jubilee Hills,53,152,331,11,132,7,633,3,636
61,Jubilee Hills,54,89,176,4,56,2,327,2,329
61,Jubilee Hills,55,119,230,5,82,5,441,0,441
61,Jubilee Hills,56,248,145,126,12,10,541,4,545
61,Jubilee Hills,57,149,96,28,15,7,295,0,295
61,Jubilee Hills,58,231,151,93,12,9,496,5,501
61,Jubilee Hills,59,170,162,48,34,4,418,2,420
61,Jubilee Hills,60,191,167,93,14,6,471,3,474
61,Jubilee Hills,61,136,134,79,6,4,359,8,367
61,Jubilee Hills,62,239,261,156,1,8,665,10,675
61,Jubilee Hills,63,167,205,103,0,6,481,5,486
61,Jubilee Hills,64,126,159,93,2,6,386,6,392
61,Jubilee Hills,65,219,251,178,3,9,660,7,667
61,Jubilee Hills,66,141,158,83,2,8,392,5,397
61,Jubilee Hills,67,145,130,113,0,6,394,11,405
61,Jubilee Hills,68,181,207,107,1,7,503,3,506
61,Jubilee Hills,69,295,242,122,3,8,670,12,682
61,Jubilee Hills,70,217,230,93,3,12,555,6,561
61,Jubilee Hills,71,197,266,93,5,2,563,3,566
61,Jubilee Hills,72,198,180,96,3,11,488,4,492
61,Jubilee Hills,73,131,93,145,0,2,371,3,374
61,Jubilee Hills,74,353,229,69,20,19,690,0,690
61,Jubilee Hills,75,329,197,110,16,18,670,3,673
61,Jubilee Hills,76,357,198,78,13,14,660,3,663
61,Jubilee Hills,77,308,205,75,12,20,620,1,621
61,Jubilee Hills,78,284,109,27,21,10,451,1,452
61,Jubilee Hills,78A,256,119,62,13,17,467,3,470
61,Jubilee Hills,79,352,148,79,8,10,597,4,601
61,Jubilee Hills,80,366,300,63,7,17,753,6,759
61,Jubilee Hills,81,240,155,25,12,13,445,5,450
61,Jubilee Hills,82,236,200,28,21,6,491,3,494
61,Jubilee Hills,83,386,270,48,17,42,763,1,764
61,Jubilee Hills,84,340,304,82,7,21,754,8,762
61,Jubilee Hills,85,283,274,83,7,30,677,4,681
61,Jubilee Hills,86,203,176,43,5,19,446,0,446
61,Jubilee Hills,87,171,162,24,12,9,378,1,379
61,Jubilee Hills,88,444,191,54,44,13,746,1,747
61,Jubilee Hills,89,363,238,68,30,20,719,0,719
61,Jubilee Hills,90,253,156,66,22,3,500,2,502
61,Jubilee Hills,91,335,190,22,36,16,599,3,602
61,Jubilee Hills,92,213,181,21,35,11,461,1,462
61,Jubilee Hills,92A,260,218,21,34,9,542,1,543
61,Jubilee Hills,93,362,285,49,46,14,756,3,759
61,Jubilee Hills,94,313,338,25,31,29,736,0,736
61,Jubilee Hills,95,144,106,35,6,9,300,2,302
61,Jubilee Hills,96,234,193,90,3,6,526,9,535
61,Jubilee Hills,97,127,122,60,2,6,317,6,323
61,Jubilee Hills,98,229,257,87,4,7,584,13,597
61,Jubilee Hills,99,236,214,83,1,10,544,8,552
61,Jubilee Hills,100,328,291,132,1,8,760,19,779
61,Jubilee Hills,101,158,140,74,2,4,378,2,380
61,Jubilee Hills,102,151,159,47,2,8,367,5,372
61,Jubilee Hills,103,201,144,92,0,2,439,7,446
61,Jubilee Hills,104,160,199,79,2,5,445,8,453
61,Jubilee Hills,105,213,214,109,3,8,547,4,551
61,Jubilee Hills,106,176,218,65,1,5,465,2,467
61,Jubilee Hills,107,145,151,63,0,3,362,3,365
61,Jubilee Hills,108,254,287,125,0,9,675,6,681
61,Jubilee Hills,109,155,145,80,0,5,385,4,389
61,Jubilee Hills,110,135,118,58,1,2,314,12,326
61,Jubilee Hills,111,183,205,107,0,5,500,2,502
61,Jubilee Hills,112,195,230,115,1,7,548,4,552
61,Jubilee Hills,113,187,172,64,1,8,432,5,437
61,Jubilee Hills,114,185,153,37,1,9,385,2,387
61,Jubilee Hills,115,165,151,64,0,12,392,5,397
61,Jubilee Hills,116,275,251,65,1,17,609,12,621
61,Jubilee Hills,117,305,280,84,9,7,685,6,691
61,Jubilee Hills,118,220,156,63,3,7,449,10,459
61,Jubilee Hills,119,177,103,59,1,9,349,1,350
61,Jubilee Hills,120,421,183,69,30,18,721,3,724
61,Jubilee Hills,121,97,122,48,1,4,272,2,274
61,Jubilee Hills,122,178,198,88,0,8,472,2,474
61,Jubilee Hills,123,195,213,108,3,5,524,7,531
61,Jubilee Hills,124,195,155,107,0,4,461,4,465
61,Jubilee Hills,125,154,152,61,2,4,373,5,378
61,Jubilee Hills,126,160,128,60,6,7,361,0,361
61,Jubilee Hills,127,155,166,65,7,8,401,3,404
61,Jubilee Hills,128,123,120,59,4,2,308,3,311
61,Jubilee Hills,129,299,216,137,3,7,662,4,666
61,Jubilee Hills,130,254,216,127,3,17,617,5,622
61,Jubilee Hills,131,144,143,67,0,10,364,4,368
61,Jubilee Hills,132,261,245,80,0,10,596,3,599
61,Jubilee Hills,133,282,243,79,8,12,624,7,631
61,Jubilee Hills,134,199,166,81,4,9,459,2,461
61,Jubilee Hills,135,202,126,70,2,8,408,5,413
61,Jubilee Hills,136,209,169,85,3,13,479,8,487
61,Jubilee Hills,137,247,144,59,19,11,480,4,484
61,Jubilee Hills,138,469,186,49,13,14,731,5,736
61,Jubilee Hills,139,174,134,40,8,7,363,6,369
61,Jubilee Hills,140,381,189,71,8,12,661,8,669
61,Jubilee Hills,141,417,195,84,22,20,738,1,739
61,Jubilee Hills,142,244,107,44,7,11,413,5,418
61,Jubilee Hills,143,290,123,23,14,12,462,2,464
61,Jubilee Hills,144,419,257,50,31,23,780,3,783
61,Jubilee Hills,145,217,124,37,33,6,417,3,420
61,Jubilee Hills,146,238,136,16,28,12,430,2,432
61,Jubilee Hills,147,363,270,83,3,13,732,2,734
61,Jubilee Hills,148,257,169,48,8,17,499,3,502
61,Jubilee Hills,148A,160,170,37,4,4,375,4,379
61,Jubilee Hills,149,247,185,67,4,19,522,3,525
61,Jubilee Hills,150,121,116,26,2,13,278,1,279
61,Jubilee Hills,151,329,205,19,28,22,603,2,605
61,Jubilee Hills,152,410,220,12,22,9,673,0,673
61,Jubilee Hills,153,187,117,6,17,3,330,0,330
61,Jubilee Hills,154,295,140,21,18,8,482,1,483
61,Jubilee Hills,155,242,143,42,9,8,444,1,445
61,Jubilee Hills,156,246,149,30,17,5,447,0,447
61,Jubilee Hills,157,194,117,27,18,6,362,1,363
61,Jubilee Hills,158,244,116,34,16,6,416,1,417
61,Jubilee Hills,158A,194,167,30,13,11,415,1,416
61,Jubilee Hills,159,346,206,45,33,11,641,0,641
61,Jubilee Hills,160,302,143,110,28,24,607,0,607
61,Jubilee Hills,161,215,196,73,2,16,502,4,506
61,Jubilee Hills,162,342,319,86,8,14,769,7,776
61,Jubilee Hills,163,326,243,91,8,15,683,4,687
61,Jubilee Hills,164,279,198,75,6,18,576,3,579
61,Jubilee Hills,165,256,129,46,6,7,444,6,450
61,Jubilee Hills,165A,226,123,20,1,13,383,2,385
61,Jubilee Hills,166,248,240,38,15,8,549,3,552
61,Jubilee Hills,167,160,155,17,5,8,345,1,346
61,Jubilee Hills,168,270,211,57,9,12,559,4,563
61,Jubilee Hills,169,135,183,16,8,5,347,1,348
61,Jubilee Hills,169A,204,203,39,13,13,472,2,474
61,Jubilee Hills,170,238,171,91,2,19,521,2,523
61,Jubilee Hills,171,265,219,153,3,21,661,5,666
61,Jubilee Hills,172,272,170,105,3,13,563,3,566
61,Jubilee Hills,173,165,123,69,1,7,365,4,369
61,Jubilee Hills,174,254,209,73,7,8,551,9,560
61,Jubilee Hills,175,224,155,56,4,7,446,5,451
61,Jubilee Hills,176,181,147,85,2,5,420,6,426
61,Jubilee Hills,176A,160,162,63,5,12,402,1,403
61,Jubilee Hills,177,269,201,126,2,11,609,2,611
61,Jubilee Hills,178,98,147,31,0,3,279,5,284
61,Jubilee Hills,179,70,106,25,0,5,206,1,207
61,Jubilee Hills,180,101,133,37,3,2,276,5,281
61,Jubilee Hills,181,168,165,105,5,7,450,2,452
61,Jubilee Hills,182,237,171,78,6,14,506,5,511
61,Jubilee Hills,183,165,218,85,12,7,487,4,491
61,Jubilee Hills,184,226,175,99,5,7,512,5,517
61,Jubilee Hills,185,206,195,79,5,7,492,2,494
61,Jubilee Hills,186,177,137,63,7,7,391,0,391
61,Jubilee Hills,187,189,191,62,3,7,452,4,456
61,Jubilee Hills,188,114,74,50,3,8,249,5,254
61,Jubilee Hills,189,208,157,59,2,7,433,7,440
61,Jubilee Hills,190,152,100,53,1,5,311,0,311
61,Jubilee Hills,191,235,221,129,5,11,601,8,609
61,Jubilee Hills,192,195,101,89,0,10,395,6,401
61,Jubilee Hills,193,283,236,115,3,9,646,9,655
61,Jubilee Hills,194,210,155,98,2,3,468,9,477
61,Jubilee Hills,195,174,119,78,2,6,379,4,383
61,Jubilee Hills,196,208,159,110,0,7,484,8,492
61,Jubilee Hills,197,214,176,71,1,5,467,5,472
61,Jubilee Hills,198,194,165,71,0,8,438,1,439
61,Jubilee Hills,199,187,144,62,1,4,398,5,403
61,Jubilee Hills,200,175,141,55,0,3,374,6,380
61,Jubilee Hills,201,107,102,71,1,7,288,6,294
61,Jubilee Hills,202,148,106,105,1,5,365,2,367
61,Jubilee Hills,203,151,129,79,5,5,369,5,374
61,Jubilee Hills,204,160,156,88,0,3,407,4,411
61,Jubilee Hills,205,191,173,53,1,8,426,7,433
61,Jubilee Hills,206,264,224,119,1,10,618,6,624
61,Jubilee Hills,207,204,173,52,8,9,446,3,449
61,Jubilee Hills,208,270,203,66,6,15,560,6,566
61,Jubilee Hills,209,192,159,60,8,7,426,8,434
61,Jubilee Hills,210,257,248,73,5,12,595,6,601
61,Jubilee Hills,211,126,115,36,0,0,277,3,280
61,Jubilee Hills,212,244,148,70,6,8,476,4,480
61,Jubilee Hills,213,312,298,46,3,5,664,3,667
61,Jubilee Hills,214,296,220,88,1,8,613,10,623
61,Jubilee Hills,215,268,229,63,8,9,577,1,578
61,Jubilee Hills,216,256,180,54,8,7,505,7,512
61,Jubilee Hills,217,157,157,37,5,6,362,2,364
61,Jubilee Hills,218,97,93,36,0,3,229,2,231
61,Jubilee Hills,219,136,115,26,1,7,285,4,289
61,Jubilee Hills,220,172,143,50,2,7,374,3,377
61,Jubilee Hills,221,119,95,28,2,2,246,1,247
61,Jubilee Hills,222,145,118,42,0,4,309,0,309
61,Jubilee Hills,223,224,182,70,3,6,485,2,487
61,Jubilee Hills,224,180,171,54,4,6,415,0,415
61,Jubilee Hills,225,182,213,63,1,8,467,8,475
61,Jubilee Hills,226,205,218,103,0,3,529,7,536
61,Jubilee Hills,227,169,169,100,3,10,451,6,457
61,Jubilee Hills,228,202,234,88,3,8,535,4,539
61,Jubilee Hills,229,240,179,75,13,10,517,7,524
61,Jubilee Hills,230,240,246,89,0,5,580,10,590
61,Jubilee Hills,231,312,188,105,3,18,626,5,631
61,Jubilee Hills,232,255,174,70,7,12,518,9,527
61,Jubilee Hills,233,180,82,55,9,8,334,5,339
61,Jubilee Hills,234,281,237,108,21,16,663,11,674
61,Jubilee Hills,235,326,245,91,11,12,685,3,688
61,Jubilee Hills,236,442,217,35,21,10,725,3,728
61,Jubilee Hills,237,350,138,26,10,7,531,1,532
61,Jubilee Hills,238,243,181,74,5,7,510,8,518
61,Jubilee Hills,239,204,217,63,4,6,494,10,504
61,Jubilee Hills,240,109,106,66,0,1,282,2,284
61,Jubilee Hills,241,175,152,116,3,13,459,9,468
61,Jubilee Hills,242,232,171,96,3,8,510,3,513
61,Jubilee Hills,243,255,246,82,5,8,596,5,601
61,Jubilee Hills,244,229,188,87,5,10,519,0,519
61,Jubilee Hills,245,271,183,132,1,6,593,8,601
61,Jubilee Hills,246,91,127,70,0,5,293,2,295
61,Jubilee Hills,247,135,121,127,5,2,390,4,394
61,Jubilee Hills,248,190,167,148,3,8,516,5,521
61,Jubilee Hills,249,265,259,121,0,8,653,12,665
61,Jubilee Hills,250,204,181,104,7,8,504,6,510
61,Jubilee Hills,251,223,195,111,1,13,543,10,553
61,Jubilee Hills,252,342,237,166,0,8,753,7,760
61,Jubilee Hills,253,210,178,148,4,10,550,9,559
61,Jubilee Hills,254,151,74,73,0,2,300,6,306
61,Jubilee Hills,255,107,107,95,1,7,317,6,323
61,Jubilee Hills,256,159,196,151,0,7,513,11,524
61,Jubilee Hills,257,126,77,124,1,3,331,3,334
61,Jubilee Hills,258,230,140,128,10,17,525,4,529
61,Jubilee Hills,259,251,229,122,4,12,618,4,622
61,Jubilee Hills,260,336,237,183,6,25,787,6,793
61,Jubilee Hills,261,299,207,92,1,15,614,4,618
61,Jubilee Hills,262,342,244,163,3,24,776,5,781
61,Jubilee Hills,263,285,152,112,3,19,571,2,573
61,Jubilee Hills,264,386,218,231,0,10,845,10,855
61,Jubilee Hills,265,284,170,55,15,9,533,0,533
61,Jubilee Hills,266,271,104,44,16,9,444,1,445
61,Jubilee Hills,267,202,178,29,17,9,435,1,436
61,Jubilee Hills,268,197,151,53,30,11,442,4,446
61,Jubilee Hills,269,332,160,126,21,15,654,14,668
61,Jubilee Hills,270,322,214,84,22,6,648,2,650
61,Jubilee Hills,271,391,238,85,13,14,741,4,745
61,Jubilee Hills,272,326,252,51,48,23,700,2,702
61,Jubilee Hills,273,230,137,47,15,7,436,1,437
61,Jubilee Hills,274,341,270,37,36,10,694,3,697
61,Jubilee Hills,275,487,263,93,56,21,920,2,922
61,Jubilee Hills,276,227,117,37,16,13,410,0,410
61,Jubilee Hills,276A,259,146,23,22,11,461,0,461
61,Jubilee Hills,277,458,249,45,38,22,812,1,813
61,Jubilee Hills,278,470,270,36,69,21,866,2,868
61,Jubilee Hills,279,239,192,44,21,11,507,1,508
61,Jubilee Hills,280,268,180,80,10,18,556,5,561
61,Jubilee Hills,281,347,228,90,28,12,705,2,707
61,Jubilee Hills,282,262,197,107,29,15,610,2,612
61,Jubilee Hills,283,329,254,128,27,11,749,3,752
61,Jubilee Hills,284,355,225,69,29,9,687,4,691
61,Jubilee Hills,285,280,171,76,13,11,551,8,559
61,Jubilee Hills,286,286,198,150,5,23,662,5,667
61,Jubilee Hills,287,320,182,130,4,14,650,6,656
61,Jubilee Hills,288,322,182,100,10,14,628,6,634
61,Jubilee Hills,289,314,178,113,4,18,627,3,630
61,Jubilee Hills,290,232,141,105,5,15,498,5,503
61,Jubilee Hills,291,232,110,83,6,19,450,5,455
61,Jubilee Hills,292,295,185,131,15,10,636,6,642
61,Jubilee Hills,293,332,260,143,1,17,753,6,759
61,Jubilee Hills,294,250,133,223,0,16,622,6,628
61,Jubilee Hills,295,264,149,185,3,10,611,3,614
61,Jubilee Hills,296,231,168,74,19,7,499,1,500
61,Jubilee Hills,296A,238,146,56,11,8,459,2,461
61,Jubilee Hills,297,274,138,89,3,13,517,8,525
61,Jubilee Hills,298,439,277,51,50,35,852,7,859
61,Jubilee Hills,299,245,180,19,21,18,483,1,484
61,Jubilee Hills,299A,204,147,22,12,12,397,0,397
61,Jubilee Hills,300,268,150,95,5,14,532,2,534
61,Jubilee Hills,300A,236,109,75,3,10,433,6,439
61,Jubilee Hills,301,401,202,138,2,26,769,10,779
61,Jubilee Hills,302,287,189,141,8,9,634,7,641
61,Jubilee Hills,303,175,131,138,2,6,452,5,457
61,Jubilee Hills,303A,187,118,104,3,4,416,9,425
61,Jubilee Hills,304,258,135,103,2,22,520,9,529
61,Jubilee Hills,304A,185,109,44,9,6,353,3,356
61,Jubilee Hills,305,321,238,75,10,4,648,3,651
61,Jubilee Hills,306,253,210,56,20,8,547,2,549
61,Jubilee Hills,307,219,189,76,22,2,508,0,508
61,Jubilee Hills,308,241,135,81,2,12,471,8,479
61,Jubilee Hills,308A,131,68,53,2,4,258,6,264
61,Jubilee Hills,309,315,185,99,22,12,633,4,637
61,Jubilee Hills,310,343,240,54,43,20,700,2,702
61,Jubilee Hills,311,299,216,19,66,16,616,0,616
61,Jubilee Hills,312,322,196,83,37,18,656,10,666
61,Jubilee Hills,313,286,189,75,45,9,604,1,605
61,Jubilee Hills,314,251,176,42,25,22,516,3,519
61,Jubilee Hills,315,357,167,83,22,22,651,2,653
61,Jubilee Hills,316,344,232,37,35,8,656,0,656
61,Jubilee Hills,317,302,205,31,38,12,588,2,590
61,Jubilee Hills,318,359,294,38,49,15,755,5,760
61,Jubilee Hills,319,283,229,78,30,13,633,11,644
61,Jubilee Hills,320,424,291,51,41,19,826,1,827
61,Jubilee Hills,321,230,191,19,22,8,470,1,471
61,Jubilee Hills,321A,185,113,6,9,4,317,0,317
61,Jubilee Hills,322,358,273,19,39,12,701,0,701
61,Jubilee Hills,323,378,297,68,45,11,799,2,801
61,Jubilee Hills,324,162,145,24,21,8,360,1,361
61,Jubilee Hills,324A,231,153,13,31,5,433,2,435
61,Jubilee Hills,325,367,285,37,45,10,744,1,745
61,Jubilee Hills,326,291,215,49,34,8,597,3,600
61,Jubilee Hills,327,201,156,47,15,6,425,2,427
61,Jubilee Hills,328,302,245,55,31,13,646,1,647
61,Jubilee Hills,329,279,312,49,25,12,677,1,678
